id_abastecimento,data,matricula,km_percorridos,litros,valor_total,id_posto
1,2026-10-01,AA-10-BB,520,26.0,54.60,P001
2,2026-10-02,25-XY-88,480,33.6,78.96,P002
3,2026-10-02,99-ZZ-11,410,21.5,46.23,P001
4,2026-10-03,AB-12-CD,650,22.0,44.00,P003
5,2026-10-03,33-44-EF,500,28.5,65.55,P002
6,2026-10-04,MATRICULA-INVALIDA,350,22.0,38.50,P001
7,2026-10-04,77-GH-99,550,30.0,66.30,P003
8,2026-10-05,25-XY-88,460,36.8,90.16,P002
9,2026-10-05,AB-12-CD,600,,55.00,P003
10,2026-10-06,99-ZZ-11,410,21.5,43.00,P001
11,2026-10-01,AA-10-BB,520,26.0,54.60,P001
12,2026-10-07,AA-10-BB,0,20.0,42.00,P001
13,2026-10-08,A1-B2-C3,0,20.0,42.00,P003
